No,Status,Track,Title,PrimaryTech,Experience,Level
042,implemented-experimental,OS Fundamentals Lab,ウィンドウには番号がある？ HWNDを実際に見る,PowerShell / VBA / Win32 / .NET,短い実験で「ウィンドウには番号がある？ HWNDを実際に見る」を体験し、操作前後の状態やログの差を確認する。,深掘り
043,implemented-experimental,OS Fundamentals Lab,ウィンドウを動かして座標の変化をGetWindowRectで見る,PowerShell / VBA / Win32 / .NET,短い実験で「ウィンドウを動かして座標の変化をGetWindowRectで見る」を体験し、操作前後の状態やログの差を確認する。,深掘り
044,implemented-experimental,OS Fundamentals Lab,WM_CLOSEと強制終了は何が違う？,PowerShell / VBA / Win32 / .NET,短い実験で「WM_CLOSEと強制終了は何が違う」を体験し、操作前後の状態やログの差を確認する。,深掘り
045,implemented-experimental,OS Fundamentals Lab,WindowsのMessage Loopを小さなGUIで体験する,PowerShell / VBA / Win32 / .NET,短い実験で「WindowsのMessage Loopを小さなGUIで体験する」を体験し、操作前後の状態やログの差を確認する。,深掘り
046,implemented-experimental,OS Fundamentals Lab,UIスレッドを重い処理で止めると画面はなぜ固まる？,PowerShell / VBA / Win32 / .NET,短い実験で「UIスレッドを重い処理で止めると画面はなぜ固まる」を体験し、操作前後の状態やログの差を確認する。,深掘り
047,implemented-experimental,OS Fundamentals Lab,VBAのDoEventsでWindows Messageが処理される様子を見る,PowerShell / VBA / Win32 / .NET,短い実験で「VBAのDoEventsでWindows Messageが処理される様子を見る」を体験し、操作前後の状態やログの差を確認する。,深掘り
048,implemented-experimental,OS Fundamentals Lab,DoEvents中に同じボタンを押して再入問題を起こしてみる,PowerShell / VBA / Win32 / .NET,短い実験で「DoEvents中に同じボタンを押して再入問題を起こしてみる」を体験し、操作前後の状態やログの差を確認する。,深掘り
049,implemented-experimental,OS Fundamentals Lab,Process ID（PID）は何のためにある？,PowerShell / VBA / Win32 / .NET,短い実験で「Process ID（PID）は何のためにある」を体験し、操作前後の状態やログの差を確認する。,深掘り
050,implemented-experimental,OS Fundamentals Lab,1つのプロセスに複数Threadがあることを観察する,PowerShell / VBA / Win32 / .NET,短い実験で「1つのプロセスに複数Threadがあることを観察する」を体験し、操作前後の状態やログの差を確認する。,深掘り
051,implemented-experimental,OS Fundamentals Lab,逐次実行と並列実行を時間で比べる,PowerShell / VBA / Win32 / .NET,短い実験で「逐次実行と並列実行を時間で比べる」を体験し、操作前後の状態やログの差を確認する。,深掘り
052,implemented-experimental,OS Fundamentals Lab,Concurrency・Parallelism・Asyncの違いを実験で比べる,PowerShell / VBA / Win32 / .NET,短い実験で「Concurrency・Parallelism・Asyncの違いを実験で比べる」を体験し、操作前後の状態やログの差を確認する。,深掘り
053,implemented-experimental,OS Fundamentals Lab,共有カウンターでRace Conditionを起こしてみる,PowerShell / VBA / Win32 / .NET,短い実験で「共有カウンターでRace Conditionを起こしてみる」を体験し、操作前後の状態やログの差を確認する。,深掘り
054,implemented-experimental,OS Fundamentals Lab,Mutexで2つのPowerShellを順番に動かす,PowerShell / VBA / Win32 / .NET,短い実験で「Mutexで2つのPowerShellを順番に動かす」を体験し、操作前後の状態やログの差を確認する。,深掘り
055,implemented-experimental,OS Fundamentals Lab,Semaphoreで同時実行数を2つに制限する,PowerShell / VBA / Win32 / .NET,短い実験で「Semaphoreで同時実行数を2つに制限する」を体験し、操作前後の状態やログの差を確認する。,深掘り
056,implemented-experimental,OS Fundamentals Lab,Event Wait Handleで「合図が来るまで待つ」を体験する,PowerShell / VBA / Win32 / .NET,短い実験で「Event Wait Handleで「合図が来るまで待つ」を体験する」を体験し、操作前後の状態やログの差を確認する。,深掘り
057,implemented-experimental,OS Fundamentals Lab,Timerもイベント？ 1秒ごとのTickを記録する,PowerShell / VBA / Win32 / .NET,短い実験で「Timerもイベント？ 1秒ごとのTickを記録する」を体験し、操作前後の状態やログの差を確認する。,深掘り
058,implemented-experimental,OS Fundamentals Lab,プロセス終了イベントを監視してみる,PowerShell / VBA / Win32 / .NET,短い実験で「プロセス終了イベントを監視してみる」を体験し、操作前後の状態やログの差を確認する。,深掘り
059,implemented-experimental,OS Fundamentals Lab,ファイルを開くとHandleが使われることを確認する,PowerShell / VBA / Win32 / .NET,短い実験で「ファイルを開くとHandleが使われることを確認する」を体験し、操作前後の状態やログの差を確認する。,深掘り
060,implemented-experimental,OS Fundamentals Lab,File Lockをかけたまま別プロセスから開いてみる,PowerShell / VBA / Win32 / .NET,短い実験で「File Lockをかけたまま別プロセスから開いてみる」を体験し、操作前後の状態やログの差を確認する。,深掘り
061,implemented-experimental,OS Fundamentals Lab,Named Pipeで2つのPowerShellを会話させる,PowerShell / VBA / Win32 / .NET,短い実験で「Named Pipeで2つのPowerShellを会話させる」を体験し、操作前後の状態やログの差を確認する。,深掘り
062,implemented-experimental,OS Fundamentals Lab,Named PipeとTCP Socketの違いを同じ文字列送信で比べる,PowerShell / VBA / Win32 / .NET,短い実験で「Named PipeとTCP Socketの違いを同じ文字列送信で比べる」を体験し、操作前後の状態やログの差を確認する。,深掘り
063,implemented-experimental,OS Fundamentals Lab,環境変数PATH・TEMPはどこから見える？,PowerShell / VBA / Win32 / .NET,短い実験で「環境変数PATH・TEMPはどこから見える」を体験し、操作前後の状態やログの差を確認する。,深掘り
064,implemented-experimental,OS Fundamentals Lab,Registryを読み取り専用で観察する,PowerShell / VBA / Win32 / .NET,短い実験で「Registryを読み取り専用で観察する」を体験し、操作前後の状態やログの差を確認する。,深掘り
065,implemented-experimental,OS Fundamentals Lab,Windows ServiceのRunning・Stoppedを一覧で見る,PowerShell / VBA / Win32 / .NET,短い実験で「Windows ServiceのRunning・Stoppedを一覧で見る」を体験し、操作前後の状態やログの差を確認する。,深掘り
066,implemented-experimental,OS Fundamentals Lab,Windows Event Logから自分の操作に近いイベントを探す,PowerShell / VBA / Win32 / .NET,短い実験で「Windows Event Logから自分の操作に近いイベントを探す」を体験し、操作前後の状態やログの差を確認する。,深掘り
067,implemented-experimental,OS Fundamentals Lab,Physical MemoryとVirtual Memoryの違いを数字で見る,PowerShell / VBA / Win32 / .NET,短い実験で「Physical MemoryとVirtual Memoryの違いを数字で見る」を体験し、操作前後の状態やログの差を確認する。,深掘り
068,implemented-experimental,OS Fundamentals Lab,Working Setはアプリのメモリ量と同じなのか？,PowerShell / VBA / Win32 / .NET,短い実験で「Working Setはアプリのメモリ量と同じなのか」を体験し、操作前後の状態やログの差を確認する。,深掘り
069,implemented-experimental,OS Fundamentals Lab,.NETのGarbage Collection前後でメモリ表示を比べる,PowerShell / VBA / Win32 / .NET,短い実験で「.NETのGarbage Collection前後でメモリ表示を比べる」を体験し、操作前後の状態やログの差を確認する。,深掘り
070,implemented-experimental,OS Fundamentals Lab,Process Priorityを観察してOSの優先度という考え方を知る,PowerShell / VBA / Win32 / .NET,短い実験で「Process Priorityを観察してOSの優先度という考え方を知る」を体験し、操作前後の状態やログの差を確認する。,深掘り
071,implemented-experimental,OS Fundamentals Lab,CPU負荷をかけてOS Schedulerの仕事を観察する,PowerShell / VBA / Win32 / .NET,短い実験で「CPU負荷をかけてOS Schedulerの仕事を観察する」を体験し、操作前後の状態やログの差を確認する。,深掘り
072,implemented-experimental,OS Fundamentals Lab,親Processと子Processの関係をツリーで見る,PowerShell / VBA / Win32 / .NET,短い実験で「親Processと子Processの関係をツリーで見る」を体験し、操作前後の状態やログの差を確認する。,深掘り
073,implemented-experimental,OS Fundamentals Lab,標準入力・標準出力・標準エラーをリダイレクトしてみる,PowerShell / VBA / Win32 / .NET,短い実験で「標準入力・標準出力・標準エラーをリダイレクトしてみる」を体験し、操作前後の状態やログの差を確認する。,深掘り
074,implemented-experimental,OS Fundamentals Lab,Exit Code 0と1を自作スクリプトで体験する,PowerShell / VBA / Win32 / .NET,短い実験で「Exit Code 0と1を自作スクリプトで体験する」を体験し、操作前後の状態やログの差を確認する。,深掘り
075,implemented-experimental,OS Fundamentals Lab,Current DirectoryとScript Directoryの違いを確認する,PowerShell / VBA / Win32 / .NET,短い実験で「Current DirectoryとScript Directoryの違いを確認する」を体験し、操作前後の状態やログの差を確認する。,深掘り
076,implemented-experimental,OS Fundamentals Lab,Foreground Windowが切り替わるたびにHWNDとタイトルを見る,PowerShell / VBA / Win32 / .NET,短い実験で「Foreground Windowが切り替わるたびにHWNDとタイトルを見る」を体験し、操作前後の状態やログの差を確認する。,深掘り
077,implemented-experimental,Windows & Device Trace Lab,USBデバイスを一覧表示して何がつながっているか見る,PowerShell / WinRT / CIM / Windows API,短い実験で「USBデバイスを一覧表示して何がつながっているか見る」を体験し、操作前後の状態やログの差を確認する。,深掘り
078,implemented-experimental,Windows & Device Trace Lab,USBを抜き差ししてDevice一覧の差分を取る,PowerShell / WinRT / CIM / Windows API,短い実験で「USBを抜き差ししてDevice一覧の差分を取る」を体験し、操作前後の状態やログの差を確認する。,深掘り
079,implemented-experimental,Windows & Device Trace Lab,USBメモリを挿すとDrive情報がどう増えるか見る,PowerShell / WinRT / CIM / Windows API,短い実験で「USBメモリを挿すとDrive情報がどう増えるか見る」を体験し、操作前後の状態やログの差を確認する。,深掘り
080,implemented-experimental,Windows & Device Trace Lab,PnP DeviceのStatusを一覧で確認する,PowerShell / WinRT / CIM / Windows API,短い実験で「PnP DeviceのStatusを一覧で確認する」を体験し、操作前後の状態やログの差を確認する。,深掘り
081,implemented-experimental,Windows & Device Trace Lab,Device Instance IDって何？ 実物を見てみる,PowerShell / WinRT / CIM / Windows API,短い実験で「Device Instance IDって何？ 実物を見てみる」を体験し、操作前後の状態やログの差を確認する。,深掘り
082,implemented-experimental,Windows & Device Trace Lab,BluetoothデバイスをWindowsから列挙する,PowerShell / WinRT / CIM / Windows API,短い実験で「BluetoothデバイスをWindowsから列挙する」を体験し、操作前後の状態やログの差を確認する。,深掘り
083,implemented-experimental,Windows & Device Trace Lab,BluetoothのPairedとConnectedの違いを見る,PowerShell / WinRT / CIM / Windows API,短い実験で「BluetoothのPairedとConnectedの違いを見る」を体験し、操作前後の状態やログの差を確認する。,深掘り
084,implemented-experimental,Windows & Device Trace Lab,BLE Advertisementを自分の周囲で観察する入門,PowerShell / WinRT / CIM / Windows API,短い実験で「BLE Advertisementを自分の周囲で観察する入門」を体験し、操作前後の状態やログの差を確認する。,深掘り
085,implemented-experimental,Windows & Device Trace Lab,バッテリー残量・充電状態をリアルタイム表示する,PowerShell / WinRT / CIM / Windows API,短い実験で「バッテリー残量・充電状態をリアルタイム表示する」を体験し、操作前後の状態やログの差を確認する。,深掘り
086,implemented-experimental,Windows & Device Trace Lab,ACアダプターを抜き差ししてPower状態の差分を見る,PowerShell / WinRT / CIM / Windows API,短い実験で「ACアダプターを抜き差ししてPower状態の差分を見る」を体験し、操作前後の状態やログの差を確認する。,深掘り
087,implemented-experimental,Windows & Device Trace Lab,CPU使用率を1秒ごとに表示して負荷の変化を見る,PowerShell / WinRT / CIM / Windows API,短い実験で「CPU使用率を1秒ごとに表示して負荷の変化を見る」を体験し、操作前後の状態やログの差を確認する。,深掘り
088,implemented-experimental,Windows & Device Trace Lab,メモリ使用量をアプリ起動前後で比較する,PowerShell / WinRT / CIM / Windows API,短い実験で「メモリ使用量をアプリ起動前後で比較する」を体験し、操作前後の状態やログの差を確認する。,深掘り
089,implemented-experimental,Windows & Device Trace Lab,Disk I/Oの読み書き量を処理前後で観察する,PowerShell / WinRT / CIM / Windows API,短い実験で「Disk I/Oの読み書き量を処理前後で観察する」を体験し、操作前後の状態やログの差を確認する。,深掘り
090,implemented-experimental,Windows & Device Trace Lab,ネットワークアダプターごとの送受信バイトを追跡する,PowerShell / WinRT / CIM / Windows API,短い実験で「ネットワークアダプターごとの送受信バイトを追跡する」を体験し、操作前後の状態やログの差を確認する。,深掘り
091,implemented-experimental,Windows & Device Trace Lab,ディスプレイの解像度をPowerShellから取得する,PowerShell / WinRT / CIM / Windows API,短い実験で「ディスプレイの解像度をPowerShellから取得する」を体験し、操作前後の状態やログの差を確認する。,深掘り
092,implemented-experimental,Windows & Device Trace Lab,マルチディスプレイの座標と負の座標を見てみる,PowerShell / WinRT / CIM / Windows API,短い実験で「マルチディスプレイの座標と負の座標を見てみる」を体験し、操作前後の状態やログの差を確認する。,深掘り
093,implemented-experimental,Windows & Device Trace Lab,DPIと拡大率150%で座標がどう見えるか確認する,PowerShell / WinRT / CIM / Windows API,短い実験で「DPIと拡大率150%で座標がどう見えるか確認する」を体験し、操作前後の状態やログの差を確認する。,深掘り
094,implemented-experimental,Windows & Device Trace Lab,マウスカーソルのX・Y座標をリアルタイム表示する,PowerShell / WinRT / CIM / Windows API,短い実験で「マウスカーソルのX・Y座標をリアルタイム表示する」を体験し、操作前後の状態やログの差を確認する。,深掘り
095,implemented-experimental,Windows & Device Trace Lab,アクティブウィンドウのタイトルと位置を追跡する,PowerShell / WinRT / CIM / Windows API,短い実験で「アクティブウィンドウのタイトルと位置を追跡する」を体験し、操作前後の状態やログの差を確認する。,深掘り
096,implemented-experimental,Windows & Device Trace Lab,自作GUIのKeyDown・KeyUpイベントだけをトレースする,PowerShell / WinRT / CIM / Windows API,短い実験で「自作GUIのKeyDown・KeyUpイベントだけをトレースする」を体験し、操作前後の状態やログの差を確認する。,深掘り
097,implemented-experimental,Windows & Device Trace Lab,自作GUIのMouseDown・MouseUp・Clickの順序を見る,PowerShell / WinRT / CIM / Windows API,短い実験で「自作GUIのMouseDown・MouseUp・Clickの順序を見る」を体験し、操作前後の状態やログの差を確認する。,深掘り
098,implemented-experimental,Windows & Device Trace Lab,Clipboardに入っているデータ形式を調べる,PowerShell / WinRT / CIM / Windows API,短い実験で「Clipboardに入っているデータ形式を調べる」を体験し、操作前後の状態やログの差を確認する。,深掘り
099,implemented-experimental,Windows & Device Trace Lab,現在の音声出力デバイスを確認する,PowerShell / WinRT / CIM / Windows API,短い実験で「現在の音声出力デバイスを確認する」を体験し、操作前後の状態やログの差を確認する。,深掘り
100,implemented-experimental,Windows & Device Trace Lab,音声出力先を切り替えてデバイス情報の差分を見る,PowerShell / WinRT / CIM / Windows API,短い実験で「音声出力先を切り替えてデバイス情報の差分を見る」を体験し、操作前後の状態やログの差を確認する。,深掘り
101,implemented-experimental,Windows & Device Trace Lab,カメラデバイスがWindowsからどう見えているか確認する,PowerShell / WinRT / CIM / Windows API,短い実験で「カメラデバイスがWindowsからどう見えているか確認する」を体験し、操作前後の状態やログの差を確認する。,深掘り
102,implemented-experimental,Windows & Device Trace Lab,マイクデバイスの存在と状態だけを確認する,PowerShell / WinRT / CIM / Windows API,短い実験で「マイクデバイスの存在と状態だけを確認する」を体験し、操作前後の状態やログの差を確認する。,深掘り
103,implemented-experimental,Windows & Device Trace Lab,プリンター一覧とDefault Printerを確認する,PowerShell / WinRT / CIM / Windows API,短い実験で「プリンター一覧とDefault Printerを確認する」を体験し、操作前後の状態やログの差を確認する。,深掘り
104,implemented-experimental,Windows & Device Trace Lab,Power Planの現在状態を読み取る,PowerShell / WinRT / CIM / Windows API,短い実験で「Power Planの現在状態を読み取る」を体験し、操作前後の状態やログの差を確認する。,深掘り
105,implemented-experimental,Windows & Device Trace Lab,PCの起動時間とUptimeを表示する,PowerShell / WinRT / CIM / Windows API,短い実験で「PCの起動時間とUptimeを表示する」を体験し、操作前後の状態やログの差を確認する。,深掘り
106,implemented-experimental,Windows & Device Trace Lab,画面の一部をキャプチャして座標とピクセルの関係を見る,PowerShell / WinRT / CIM / Windows API,短い実験で「画面の一部をキャプチャして座標とピクセルの関係を見る」を体験し、操作前後の状態やログの差を確認する。,深掘り
107,implemented-experimental,Network & Wireless Lab,Wi-FiのSSID・BSSID・Channelを同時に見る,PowerShell / netsh / .NET / WinRT,短い実験で「Wi-FiのSSID・BSSID・Channelを同時に見る」を体験し、操作前後の状態やログの差を確認する。,深掘り
108,implemented-experimental,Network & Wireless Lab,Wi-Fi信号強度をリアルタイムの棒グラフで表示する,PowerShell / netsh / .NET / WinRT,短い実験で「Wi-Fi信号強度をリアルタイムの棒グラフで表示する」を体験し、操作前後の状態やログの差を確認する。,深掘り
109,implemented-experimental,Network & Wireless Lab,2.4GHz・5GHz・6GHzの接続情報を比べる,PowerShell / netsh / .NET / WinRT,短い実験で「2.4GHz・5GHz・6GHzの接続情報を比べる」を体験し、操作前後の状態やログの差を確認する。,深掘り
110,implemented-experimental,Network & Wireless Lab,周囲のWi-Fi Channelを一覧にして混雑を可視化する,PowerShell / netsh / .NET / WinRT,短い実験で「周囲のWi-Fi Channelを一覧にして混雑を可視化する」を体験し、操作前後の状態やログの差を確認する。,深掘り
111,implemented-experimental,Network & Wireless Lab,同じSSIDでBSSIDが変わるローミングを記録する,PowerShell / netsh / .NET / WinRT,短い実験で「同じSSIDでBSSIDが変わるローミングを記録する」を体験し、操作前後の状態やログの差を確認する。,深掘り
112,implemented-experimental,Network & Wireless Lab,WindowsにあるNetwork Adapterを全部並べる,PowerShell / netsh / .NET / WinRT,短い実験で「WindowsにあるNetwork Adapterを全部並べる」を体験し、操作前後の状態やログの差を確認する。,深掘り
113,implemented-experimental,Network & Wireless Lab,Link Speedは実効速度と同じ？ まず値を確認する,PowerShell / netsh / .NET / WinRT,短い実験で「Link Speedは実効速度と同じ？ まず値を確認する」を体験し、操作前後の状態やログの差を確認する。,深掘り
114,implemented-experimental,Network & Wireless Lab,IPv4アドレスとIPv6アドレスを並べて見る,PowerShell / netsh / .NET / WinRT,短い実験で「IPv4アドレスとIPv6アドレスを並べて見る」を体験し、操作前後の状態やログの差を確認する。,深掘り
115,implemented-experimental,Network & Wireless Lab,Route Tableを読んでパケットの行き先を考える,PowerShell / netsh / .NET / WinRT,短い実験で「Route Tableを読んでパケットの行き先を考える」を体験し、操作前後の状態やログの差を確認する。,深掘り
116,implemented-experimental,Network & Wireless Lab,Default Gatewayは何をしている？ 設定値から確認する,PowerShell / netsh / .NET / WinRT,短い実験で「Default Gatewayは何をしている？ 設定値から確認する」を体験し、操作前後の状態やログの差を確認する。,深掘り
117,implemented-experimental,Network & Wireless Lab,ARP／Neighbor Cacheを見て同一LANの相手を理解する,PowerShell / netsh / .NET / WinRT,短い実験で「ARP／Neighbor Cacheを見て同一LANの相手を理解する」を体験し、操作前後の状態やログの差を確認する。,深掘り
118,implemented-experimental,Network & Wireless Lab,DNS名前解決で名前がIPアドレスになる流れを見る,PowerShell / netsh / .NET / WinRT,短い実験で「DNS名前解決で名前がIPアドレスになる流れを見る」を体験し、操作前後の状態やログの差を確認する。,深掘り
119,implemented-experimental,Network & Wireless Lab,DNS Cacheを名前解決の前後で比較する,PowerShell / netsh / .NET / WinRT,短い実験で「DNS Cacheを名前解決の前後で比較する」を体験し、操作前後の状態やログの差を確認する。,深掘り
120,implemented-experimental,Network & Wireless Lab,DHCPでもらったIP・Gateway・DNS情報を確認する,PowerShell / netsh / .NET / WinRT,短い実験で「DHCPでもらったIP・Gateway・DNS情報を確認する」を体験し、操作前後の状態やログの差を確認する。,深掘り
121,implemented-experimental,Network & Wireless Lab,localhostへPingしてLoopbackを体験する,PowerShell / netsh / .NET / WinRT,短い実験で「localhostへPingしてLoopbackを体験する」を体験し、操作前後の状態やログの差を確認する。,深掘り
122,implemented-experimental,Network & Wireless Lab,自分で用意したホストへTracerouteして経路を見る,PowerShell / netsh / .NET / WinRT,短い実験で「自分で用意したホストへTracerouteして経路を見る」を体験し、操作前後の状態やログの差を確認する。,深掘り
123,implemented-experimental,Network & Wireless Lab,TCP接続のESTABLISHED・LISTENなどの状態を見る,PowerShell / netsh / .NET / WinRT,短い実験で「TCP接続のESTABLISHED・LISTENなどの状態を見る」を体験し、操作前後の状態やログの差を確認する。,深掘り
124,implemented-experimental,Network & Wireless Lab,自分のPCでListening Portを一覧表示する,PowerShell / netsh / .NET / WinRT,短い実験で「自分のPCでListening Portを一覧表示する」を体験し、操作前後の状態やログの差を確認する。,深掘り
125,implemented-experimental,Network & Wireless Lab,PowerShellだけでlocalhost簡易HTTPサーバーを動かす,PowerShell / netsh / .NET / WinRT,短い実験で「PowerShellだけでlocalhost簡易HTTPサーバーを動かす」を体験し、操作前後の状態やログの差を確認する。,深掘り
126,implemented-experimental,Network & Wireless Lab,TCPとUDPで同じ文字列を送って違いを見る,PowerShell / netsh / .NET / WinRT,短い実験で「TCPとUDPで同じ文字列を送って違いを見る」を体験し、操作前後の状態やログの差を確認する。,深掘り
127,implemented-experimental,Network & Wireless Lab,localhostでHTTPとHTTPSの通信手順の違いを追う,PowerShell / netsh / .NET / WinRT,短い実験で「localhostでHTTPとHTTPSの通信手順の違いを追う」を体験し、操作前後の状態やログの差を確認する。,深掘り
128,implemented-experimental,Network & Wireless Lab,127.0.0.1とlocalhostと::1の違いを試す,PowerShell / netsh / .NET / WinRT,短い実験で「127.0.0.1とlocalhostと::1の違いを試す」を体験し、操作前後の状態やログの差を確認する。,深掘り
129,implemented-experimental,Network & Wireless Lab,保存済みWi-Fi Profileの名前だけを一覧にする,PowerShell / netsh / .NET / WinRT,短い実験で「保存済みWi-Fi Profileの名前だけを一覧にする」を体験し、操作前後の状態やログの差を確認する。,深掘り
130,implemented-experimental,Network & Wireless Lab,MTUを変えずにサイズ違いPingで断片化の概念を学ぶ,PowerShell / netsh / .NET / WinRT,短い実験で「MTUを変えずにサイズ違いPingで断片化の概念を学ぶ」を体験し、操作前後の状態やログの差を確認する。,深掘り
131,implemented-experimental,Network & Wireless Lab,Latency・Packet Loss・Jitterを自分の通信で記録する,PowerShell / netsh / .NET / WinRT,短い実験で「Latency・Packet Loss・Jitterを自分の通信で記録する」を体験し、操作前後の状態やログの差を確認する。,深掘り
132,implemented-experimental,Visual Security Lab,1文字変えるとSHA-256はどれだけ変わる？ Avalanche Effectを見る,PowerShell / .NET Cryptography / Windows Security,短い実験で「1文字変えるとSHA-256はどれだけ変わる？ Avalanche Effectを見る」を体験し、操作前後の状態やログの差を確認する。,深掘り
133,implemented-experimental,Visual Security Lab,Base64は暗号化ではないことをEncode→Decodeで確認する,PowerShell / .NET Cryptography / Windows Security,短い実験で「Base64は暗号化ではないことをEncode→Decodeで確認する」を体験し、操作前後の状態やログの差を確認する。,深掘り
134,implemented-experimental,Visual Security Lab,AESで暗号化してから復号して元に戻ることを確かめる,PowerShell / .NET Cryptography / Windows Security,短い実験で「AESで暗号化してから復号して元に戻ることを確かめる」を体験し、操作前後の状態やログの差を確認する。,深掘り
135,implemented-experimental,Visual Security Lab,HMACで1文字の改ざんを検知してみる,PowerShell / .NET Cryptography / Windows Security,短い実験で「HMACで1文字の改ざんを検知してみる」を体験し、操作前後の状態やログの差を確認する。,深掘り
136,implemented-experimental,Visual Security Lab,電子署名した文書を1文字変えて検証NGにしてみる,PowerShell / .NET Cryptography / Windows Security,短い実験で「電子署名した文書を1文字変えて検証NGにしてみる」を体験し、操作前後の状態やログの差を確認する。,深掘り
137,implemented-experimental,Visual Security Lab,同じパスワードでもSaltを変えるとHashが変わることを見る,PowerShell / .NET Cryptography / Windows Security,短い実験で「同じパスワードでもSaltを変えるとHashが変わることを見る」を体験し、操作前後の状態やログの差を確認する。,深掘り
138,implemented-experimental,Visual Security Lab,PBKDF2の反復回数を増やすと処理時間がどう変わる？,PowerShell / .NET Cryptography / Windows Security,短い実験で「PBKDF2の反復回数を増やすと処理時間がどう変わる」を体験し、操作前後の状態やログの差を確認する。,深掘り
139,implemented-experimental,Visual Security Lab,乱数と単純な連番を並べて予測しやすさを考える,PowerShell / .NET Cryptography / Windows Security,短い実験で「乱数と単純な連番を並べて予測しやすさを考える」を体験し、操作前後の状態やログの差を確認する。,深掘り
140,implemented-experimental,Visual Security Lab,ランダムなバイト列をヒストグラムで眺める,PowerShell / .NET Cryptography / Windows Security,短い実験で「ランダムなバイト列をヒストグラムで眺める」を体験し、操作前後の状態やログの差を確認する。,深掘り
141,implemented-experimental,Visual Security Lab,HTTPSサイトのTLS証明書をPowerShellで見る,PowerShell / .NET Cryptography / Windows Security,短い実験で「HTTPSサイトのTLS証明書をPowerShellで見る」を体験し、操作前後の状態やログの差を確認する。,深掘り
142,implemented-experimental,Visual Security Lab,Root CA→Intermediate CA→Server Certificateの鎖をたどる,PowerShell / .NET Cryptography / Windows Security,短い実験で「Root CA→Intermediate CA→Server Certificateの鎖をたどる」を体験し、操作前後の状態やログの差を確認する。,深掘り
143,implemented-experimental,Visual Security Lab,証明書の有効期限を一覧にして期限切れを理解する,PowerShell / .NET Cryptography / Windows Security,短い実験で「証明書の有効期限を一覧にして期限切れを理解する」を体験し、操作前後の状態やログの差を確認する。,深掘り
144,implemented-experimental,Visual Security Lab,localhostでHTTPとHTTPSの見える情報の違いを比べる,PowerShell / .NET Cryptography / Windows Security,短い実験で「localhostでHTTPとHTTPSの見える情報の違いを比べる」を体験し、操作前後の状態やログの差を確認する。,深掘り
145,implemented-experimental,Visual Security Lab,ダウンロード前後のファイルHashで完全性を確認する,PowerShell / .NET Cryptography / Windows Security,短い実験で「ダウンロード前後のファイルHashで完全性を確認する」を体験し、操作前後の状態やログの差を確認する。,深掘り
146,implemented-experimental,Visual Security Lab,AllowlistとDenylistを小さな文字列判定で比べる,PowerShell / .NET Cryptography / Windows Security,短い実験で「AllowlistとDenylistを小さな文字列判定で比べる」を体験し、操作前後の状態やログの差を確認する。,深掘り
147,implemented-experimental,Visual Security Lab,管理者権限と標準ユーザー権限の違いを状態表示で見る,PowerShell / .NET Cryptography / Windows Security,短い実験で「管理者権限と標準ユーザー権限の違いを状態表示で見る」を体験し、操作前後の状態やログの差を確認する。,深掘り
148,implemented-experimental,Visual Security Lab,NTFSアクセス権を読み取り専用で一覧表示する,PowerShell / .NET Cryptography / Windows Security,短い実験で「NTFSアクセス権を読み取り専用で一覧表示する」を体験し、操作前後の状態やログの差を確認する。,深掘り
149,implemented-experimental,Visual Security Lab,フォルダーの権限継承を親子で見比べる,PowerShell / .NET Cryptography / Windows Security,短い実験で「フォルダーの権限継承を親子で見比べる」を体験し、操作前後の状態やログの差を確認する。,深掘り
150,implemented-experimental,Visual Security Lab,Windows FirewallのProfile状態とRule件数を確認する,PowerShell / .NET Cryptography / Windows Security,短い実験で「Windows FirewallのProfile状態とRule件数を確認する」を体験し、操作前後の状態やログの差を確認する。,深掘り
151,implemented-experimental,Visual Security Lab,Microsoft Defenderの基本状態を読み取り専用で確認する,PowerShell / .NET Cryptography / Windows Security,短い実験で「Microsoft Defenderの基本状態を読み取り専用で確認する」を体験し、操作前後の状態やログの差を確認する。,はじめて
152,implemented-experimental,Visual Security Lab,ダウンロードファイルのMark of the Webを自分のファイルで見る,PowerShell / .NET Cryptography / Windows Security,短い実験で「ダウンロードファイルのMark of the Webを自分のファイルで見る」を体験し、操作前後の状態やログの差を確認する。,深掘り
153,implemented-experimental,Visual Security Lab,Alternate Data Streamに小さなテスト文字列を保存して仕組みを知る,PowerShell / .NET Cryptography / Windows Security,短い実験で「Alternate Data Streamに小さなテスト文字列を保存して仕組みを知る」を体験し、操作前後の状態やログの差を確認する。,深掘り
154,implemented-experimental,Visual Security Lab,PowerShellでAuthenticode署名の有無を確認する,PowerShell / .NET Cryptography / Windows Security,短い実験で「PowerShellでAuthenticode署名の有無を確認する」を体験し、操作前後の状態やログの差を確認する。,深掘り
155,implemented-experimental,Visual Security Lab,DPAPIで自分のテスト文字列を暗号化・復号する,PowerShell / .NET Cryptography / Windows Security,短い実験で「DPAPIで自分のテスト文字列を暗号化・復号する」を体験し、操作前後の状態やログの差を確認する。,深掘り
156,implemented-experimental,Visual Security Lab,パスワード長で組み合わせ数がどう増えるか可視化する,PowerShell / .NET Cryptography / Windows Security,短い実験で「パスワード長で組み合わせ数がどう増えるか可視化する」を体験し、操作前後の状態やログの差を確認する。,深掘り
157,implemented-experimental,Visual Security Lab,固定時間比較と普通の文字列比較の考え方を小さく試す,PowerShell / .NET Cryptography / Windows Security,短い実験で「固定時間比較と普通の文字列比較の考え方を小さく試す」を体験し、操作前後の状態やログの差を確認する。,深掘り
158,implemented-experimental,Visual Security Lab,CSVの先頭記号が表計算で式扱いされる例を安全な文字列で確認する,PowerShell / .NET Cryptography / Windows Security,短い実験で「CSVの先頭記号が表計算で式扱いされる例を安全な文字列で確認する」を体験し、操作前後の状態やログの差を確認する。,深掘り
159,implemented-experimental,Visual Security Lab,入力値をそのまま使う場合と検証する場合の差をローカル実験する,PowerShell / .NET Cryptography / Windows Security,短い実験で「入力値をそのまま使う場合と検証する場合の差をローカル実験する」を体験し、操作前後の状態やログの差を確認する。,深掘り
160,implemented-experimental,Visual Security Lab,ログに秘密情報を書かないRedactionを実装して比べる,PowerShell / .NET Cryptography / Windows Security,短い実験で「ログに秘密情報を書かないRedactionを実装して比べる」を体験し、操作前後の状態やログの差を確認する。,深掘り
161,implemented-experimental,Visual Security Lab,環境変数へ秘密情報を置くとプロセスからどう見えるかを自分のテスト値で確認する,PowerShell / .NET Cryptography / Windows Security,短い実験で「環境変数へ秘密情報を置くとプロセスからどう見えるかを自分のテスト値で確認する」を体験し、操作前後の状態やログの差を確認する。,深掘り
162,implemented-experimental,Architecture & Algorithm Lab,PowerShellでミニBlockchainを作る,PowerShell / VBA,短い実験で「PowerShellでミニBlockchainを作る」を体験し、操作前後の状態やログの差を確認する。,深掘り
163,implemented-experimental,Architecture & Algorithm Lab,Excel VBAでセルが変わると壊れるBlockchainを可視化する,PowerShell / VBA,短い実験で「Excel VBAでセルが変わると壊れるBlockchainを可視化する」を体験し、操作前後の状態やログの差を確認する。,深掘り
164,implemented-experimental,Architecture & Algorithm Lab,Merkle Treeを4つのファイルHashから作る,PowerShell / VBA,短い実験で「Merkle Treeを4つのファイルHashから作る」を体験し、操作前後の状態やログの差を確認する。,深掘り
165,implemented-experimental,Architecture & Algorithm Lab,Bloom Filterで「たぶんある／絶対ない」を体験する,PowerShell / VBA,短い実験で「Bloom Filterで「たぶんある／絶対ない」を体験する」を体験し、操作前後の状態やログの差を確認する。,深掘り
166,implemented-experimental,Architecture & Algorithm Lab,LRU Cacheで最近使っていないデータが追い出される様子を見る,PowerShell / VBA,短い実験で「LRU Cacheで最近使っていないデータが追い出される様子を見る」を体験し、操作前後の状態やログの差を確認する。,深掘り
167,implemented-experimental,Architecture & Algorithm Lab,Token BucketでAPI Rate Limitを再現する,PowerShell / VBA,短い実験で「Token BucketでAPI Rate Limitを再現する」を体験し、操作前後の状態やログの差を確認する。,深掘り
168,implemented-experimental,Architecture & Algorithm Lab,RetryとExponential Backoffを失敗するローカル処理で試す,PowerShell / VBA,短い実験で「RetryとExponential Backoffを失敗するローカル処理で試す」を体験し、操作前後の状態やログの差を確認する。,深掘り
169,implemented-experimental,Architecture & Algorithm Lab,Circuit BreakerのCLOSED・OPEN・HALF-OPENを色で見る,PowerShell / VBA,短い実験で「Circuit BreakerのCLOSED・OPEN・HALF-OPENを色で見る」を体験し、操作前後の状態やログの差を確認する。,深掘り
170,implemented-experimental,Architecture & Algorithm Lab,フォルダーをMessage QueueにしてProducer／Consumerを作る,PowerShell / VBA,短い実験で「フォルダーをMessage QueueにしてProducer／Consumerを作る」を体験し、操作前後の状態やログの差を確認する。,深掘り
171,implemented-experimental,Architecture & Algorithm Lab,VBAのEventでPub/Subを再現する,PowerShell / VBA,短い実験で「VBAのEventでPub/Subを再現する」を体験し、操作前後の状態やログの差を確認する。,深掘り
172,implemented-experimental,Architecture & Algorithm Lab,ExcelでEvent Sourcingを実装して現在状態を再構築する,PowerShell / VBA,短い実験で「ExcelでEvent Sourcingを実装して現在状態を再構築する」を体験し、操作前後の状態やログの差を確認する。,深掘り
173,implemented-experimental,Architecture & Algorithm Lab,VBAでCQRS風にWrite ModelとRead Modelを分ける,PowerShell / VBA,短い実験で「VBAでCQRS風にWrite ModelとRead Modelを分ける」を体験し、操作前後の状態やログの差を確認する。,深掘り
174,implemented-experimental,Architecture & Algorithm Lab,申請フローをState Machineとして実装する,PowerShell / VBA,短い実験で「申請フローをState Machineとして実装する」を体験し、操作前後の状態やログの差を確認する。,深掘り
175,implemented-experimental,Architecture & Algorithm Lab,PowerShell RunspaceでActor Model風のMailboxを作る,PowerShell / VBA,短い実験で「PowerShell RunspaceでActor Model風のMailboxを作る」を体験し、操作前後の状態やログの差を確認する。,深掘り
176,implemented-experimental,Architecture & Algorithm Lab,DAGで依存関係のあるJobを順番・並列に実行する,PowerShell / VBA,短い実験で「DAGで依存関係のあるJobを順番・並列に実行する」を体験し、操作前後の状態やログの差を確認する。,深掘り
177,implemented-experimental,Architecture & Algorithm Lab,Producer-Consumer PatternをQueueで体験する,PowerShell / VBA,短い実験で「Producer-Consumer PatternをQueueで体験する」を体験し、操作前後の状態やログの差を確認する。,深掘り
178,implemented-experimental,Architecture & Algorithm Lab,Observer PatternをVBAのWithEventsで実装する,PowerShell / VBA,短い実験で「Observer PatternをVBAのWithEventsで実装する」を体験し、操作前後の状態やログの差を確認する。,深掘り
179,implemented-experimental,Architecture & Algorithm Lab,Strategy Patternで処理方法を差し替える,PowerShell / VBA,短い実験で「Strategy Patternで処理方法を差し替える」を体験し、操作前後の状態やログの差を確認する。,深掘り
180,implemented-experimental,Architecture & Algorithm Lab,Factory Patternで作るオブジェクトを切り替える,PowerShell / VBA,短い実験で「Factory Patternで作るオブジェクトを切り替える」を体験し、操作前後の状態やログの差を確認する。,深掘り
181,implemented-experimental,Architecture & Algorithm Lab,Repository PatternでExcelセルへの直接アクセスを隠す,PowerShell / VBA,短い実験で「Repository PatternでExcelセルへの直接アクセスを隠す」を体験し、操作前後の状態やログの差を確認する。,深掘り
182,implemented-experimental,Architecture & Algorithm Lab,Dependency Injectionで本番処理とMockを差し替える,PowerShell / VBA,短い実験で「Dependency Injectionで本番処理とMockを差し替える」を体験し、操作前後の状態やログの差を確認する。,深掘り
183,implemented-experimental,Architecture & Algorithm Lab,Command Patternで操作をオブジェクトとして記録する,PowerShell / VBA,短い実験で「Command Patternで操作をオブジェクトとして記録する」を体験し、操作前後の状態やログの差を確認する。,深掘り
184,implemented-experimental,Architecture & Algorithm Lab,Adapter Patternで異なるAPIの呼び方を同じ形にそろえる,PowerShell / VBA,短い実験で「Adapter Patternで異なるAPIの呼び方を同じ形にそろえる」を体験し、操作前後の状態やログの差を確認する。,深掘り
185,implemented-experimental,Architecture & Algorithm Lab,Decorator Patternでログ機能を後付けする,PowerShell / VBA,短い実験で「Decorator Patternでログ機能を後付けする」を体験し、操作前後の状態やログの差を確認する。,深掘り
186,implemented-experimental,Architecture & Algorithm Lab,Cache-Aside Patternを小さな辞書とファイルで再現する,PowerShell / VBA,短い実験で「Cache-Aside Patternを小さな辞書とファイルで再現する」を体験し、操作前後の状態やログの差を確認する。,深掘り
187,implemented-experimental,Architecture & Algorithm Lab,同じ要求を2回送っても結果が増えないIdempotencyを体験する,PowerShell / VBA,短い実験で「同じ要求を2回送っても結果が増えないIdempotencyを体験する」を体験し、操作前後の状態やログの差を確認する。,深掘り
188,implemented-experimental,Architecture & Algorithm Lab,Saga Patternを3段階の処理と補償処理で模型化する,PowerShell / VBA,短い実験で「Saga Patternを3段階の処理と補償処理で模型化する」を体験し、操作前後の状態やログの差を確認する。,深掘り
189,implemented-experimental,Architecture & Algorithm Lab,Outbox PatternをCSV／JSONファイルで再現する,PowerShell / VBA,短い実験で「Outbox PatternをCSV／JSONファイルで再現する」を体験し、操作前後の状態やログの差を確認する。,深掘り
190,implemented-experimental,Architecture & Algorithm Lab,Consistent Hashingでデータの割り当て先がどう変わるか見る,PowerShell / VBA,短い実験で「Consistent Hashingでデータの割り当て先がどう変わるか見る」を体験し、操作前後の状態やログの差を確認する。,深掘り
191,implemented-experimental,Architecture & Algorithm Lab,Fixed WindowとSliding WindowのRate Limitを比べる,PowerShell / VBA,短い実験で「Fixed WindowとSliding WindowのRate Limitを比べる」を体験し、操作前後の状態やログの差を確認する。,深掘り
192,implemented-experimental,VBA Deep Dive,VBAで本当の非同期HTTPを実装する,VBA / COM / Win32,短い実験で「VBAで本当の非同期HTTPを実装する」を体験し、操作前後の状態やログの差を確認する。,深掘り
193,implemented-experimental,VBA Deep Dive,DoEventsは非同期処理ではないことをログで確認する,VBA / COM / Win32,短い実験で「DoEventsは非同期処理ではないことをログで確認する」を体験し、操作前後の状態やログの差を確認する。,深掘り
194,implemented-experimental,VBA Deep Dive,WithEventsでHTTP完了イベントを受け取る,VBA / COM / Win32,短い実験で「WithEventsでHTTP完了イベントを受け取る」を体験し、操作前後の状態やログの差を確認する。,深掘り
195,implemented-experimental,VBA Deep Dive,Implementsを使ってVBAでInterfaceを作る,VBA / COM / Win32,短い実験で「Implementsを使ってVBAでInterfaceを作る」を体験し、操作前後の状態やログの差を確認する。,深掘り
196,implemented-experimental,VBA Deep Dive,VBAでDependency Injectionを実装する,VBA / COM / Win32,短い実験で「VBAでDependency Injectionを実装する」を体験し、操作前後の状態やログの差を確認する。,深掘り
197,implemented-experimental,VBA Deep Dive,VBAでStrategy Patternを実装する,VBA / COM / Win32,短い実験で「VBAでStrategy Patternを実装する」を体験し、操作前後の状態やログの差を確認する。,深掘り
198,implemented-experimental,VBA Deep Dive,VBAでFactory Patternを実装する,VBA / COM / Win32,短い実験で「VBAでFactory Patternを実装する」を体験し、操作前後の状態やログの差を確認する。,深掘り
199,implemented-experimental,VBA Deep Dive,VBAでObserver Patternを実装する,VBA / COM / Win32,短い実験で「VBAでObserver Patternを実装する」を体験し、操作前後の状態やログの差を確認する。,深掘り
200,implemented-experimental,VBA Deep Dive,VBAでRepository Patternを実装する,VBA / COM / Win32,短い実験で「VBAでRepository Patternを実装する」を体験し、操作前後の状態やログの差を確認する。,深掘り
201,implemented-experimental,VBA Deep Dive,VBAでState Machineを実装する,VBA / COM / Win32,短い実験で「VBAでState Machineを実装する」を体験し、操作前後の状態やログの差を確認する。,深掘り
202,implemented-experimental,VBA Deep Dive,VBAでPromise風AsyncTaskクラスを作る,VBA / COM / Win32,短い実験で「VBAでPromise風AsyncTaskクラスを作る」を体験し、操作前後の状態やログの差を確認する。,深掘り
203,implemented-experimental,VBA Deep Dive,VBAでキャンセル可能な長時間処理を作る,VBA / COM / Win32,短い実験で「VBAでキャンセル可能な長時間処理を作る」を体験し、操作前後の状態やログの差を確認する。,深掘り
204,implemented-experimental,VBA Deep Dive,VBAの非同期処理へTimeoutを追加する,VBA / COM / Win32,短い実験で「VBAの非同期処理へTimeoutを追加する」を体験し、操作前後の状態やログの差を確認する。,深掘り
205,implemented-experimental,VBA Deep Dive,VBAでRetry処理を共通化する,VBA / COM / Win32,短い実験で「VBAでRetry処理を共通化する」を体験し、操作前後の状態やログの差を確認する。,深掘り
206,implemented-experimental,VBA Deep Dive,VBAでExponential Backoffを実装する,VBA / COM / Win32,短い実験で「VBAでExponential Backoffを実装する」を体験し、操作前後の状態やログの差を確認する。,深掘り
207,implemented-experimental,VBA Deep Dive,VBAで簡易Event Queueを作る,VBA / COM / Win32,短い実験で「VBAで簡易Event Queueを作る」を体験し、操作前後の状態やログの差を確認する。,深掘り
208,implemented-experimental,VBA Deep Dive,CollectionとClassでDomain Object一覧を扱う,VBA / COM / Win32,短い実験で「CollectionとClassでDomain Object一覧を扱う」を体験し、操作前後の状態やログの差を確認する。,深掘り
209,implemented-experimental,VBA Deep Dive,Property Get／Let／Setでカプセル化を体験する,VBA / COM / Win32,短い実験で「Property Get／Let／Setでカプセル化を体験する」を体験し、操作前後の状態やログの差を確認する。,深掘り
210,implemented-experimental,VBA Deep Dive,On Errorだけに頼らないエラー伝播の設計を試す,VBA / COM / Win32,短い実験で「On Errorだけに頼らないエラー伝播の設計を試す」を体験し、操作前後の状態やログの差を確認する。,深掘り
211,implemented-experimental,VBA Deep Dive,VBAで共通Loggerクラスを作る,VBA / COM / Win32,短い実験で「VBAで共通Loggerクラスを作る」を体験し、操作前後の状態やログの差を確認する。,深掘り
212,implemented-experimental,VBA Deep Dive,VBAだけで小さなJSON Serializerを作って構造を理解する,VBA / COM / Win32,短い実験で「VBAだけで小さなJSON Serializerを作って構造を理解する」を体験し、操作前後の状態やログの差を確認する。,深掘り
213,implemented-experimental,VBA Deep Dive,Application.OnTimeで擬似的な非同期スケジュールを作る,VBA / COM / Win32,短い実験で「Application.OnTimeで擬似的な非同期スケジュールを作る」を体験し、操作前後の状態やログの差を確認する。,深掘り
214,implemented-experimental,VBA Deep Dive,AddressOfとCallbackの制約をWin32 APIで体験する,VBA / COM / Win32,短い実験で「AddressOfとCallbackの制約をWin32 APIで体験する」を体験し、操作前後の状態やログの差を確認する。,深掘り
215,implemented-experimental,VBA Deep Dive,Early BindingとLate Bindingの違いを同じCOM操作で比べる,VBA / COM / Win32,短い実験で「Early BindingとLate Bindingの違いを同じCOM操作で比べる」を体験し、操作前後の状態やログの差を確認する。,深掘り
216,implemented-experimental,VBA Deep Dive,32bit／64bit VBAとPtrSafe・LongPtrの違いを学ぶ,VBA / COM / Win32,短い実験で「32bit／64bit VBAとPtrSafe・LongPtrの違いを学ぶ」を体験し、操作前後の状態やログの差を確認する。,深掘り
217,implemented-experimental,PowerShell / WinRT / .NET Lab,PowerShell + WinRTでWindowsに文章を読み上げさせる,PowerShell / .NET / WinRT / Windows App SDK,短い実験で「PowerShell + WinRTでWindowsに文章を読み上げさせる」を体験し、操作前後の状態やログの差を確認する。,深掘り
218,implemented-experimental,PowerShell / WinRT / .NET Lab,PowerShell + WinRTでWindows標準の音声認識を試す,PowerShell / .NET / WinRT / Windows App SDK,短い実験で「PowerShell + WinRTでWindows標準の音声認識を試す」を体験し、操作前後の状態やログの差を確認する。,深掘り
219,implemented-experimental,PowerShell / WinRT / .NET Lab,PowerShell + WinRTで画像OCRを試す,PowerShell / .NET / WinRT / Windows App SDK,短い実験で「PowerShell + WinRTで画像OCRを試す」を体験し、操作前後の状態やログの差を確認する。,深掘り
220,implemented-experimental,PowerShell / WinRT / .NET Lab,WinRTのIAsyncOperationをPowerShellから待つ,PowerShell / .NET / WinRT / Windows App SDK,短い実験で「WinRTのIAsyncOperationをPowerShellから待つ」を体験し、操作前後の状態やログの差を確認する。,深掘り
221,implemented-experimental,PowerShell / WinRT / .NET Lab,PowerShellからWindows通知を表示する,PowerShell / .NET / WinRT / Windows App SDK,短い実験で「PowerShellからWindows通知を表示する」を体験し、操作前後の状態やログの差を確認する。,深掘り
222,implemented-experimental,PowerShell / WinRT / .NET Lab,WinRT DeviceInformationでデバイスを列挙する,PowerShell / .NET / WinRT / Windows App SDK,短い実験で「WinRT DeviceInformationでデバイスを列挙する」を体験し、操作前後の状態やログの差を確認する。,深掘り
223,implemented-experimental,PowerShell / WinRT / .NET Lab,PowerShellからWinRT Bluetooth APIを触る,PowerShell / .NET / WinRT / Windows App SDK,短い実験で「PowerShellからWinRT Bluetooth APIを触る」を体験し、操作前後の状態やログの差を確認する。,深掘り
224,implemented-experimental,PowerShell / WinRT / .NET Lab,PowerShellからClipboard APIを操作する,PowerShell / .NET / WinRT / Windows App SDK,短い実験で「PowerShellからClipboard APIを操作する」を体験し、操作前後の状態やログの差を確認する。,深掘り
225,implemented-experimental,PowerShell / WinRT / .NET Lab,PowerShellだけでWPFの小さなGUIを作る,PowerShell / .NET / WinRT / Windows App SDK,短い実験で「PowerShellだけでWPFの小さなGUIを作る」を体験し、操作前後の状態やログの差を確認する。,深掘り
226,implemented-experimental,PowerShell / WinRT / .NET Lab,PowerShellだけでWindows Formsの小さなGUIを作る,PowerShell / .NET / WinRT / Windows App SDK,短い実験で「PowerShellだけでWindows Formsの小さなGUIを作る」を体験し、操作前後の状態やログの差を確認する。,深掘り
227,implemented-experimental,PowerShell / WinRT / .NET Lab,RunspaceでUIを固めずバックグラウンド処理する,PowerShell / .NET / WinRT / Windows App SDK,短い実験で「RunspaceでUIを固めずバックグラウンド処理する」を体験し、操作前後の状態やログの差を確認する。,深掘り
228,implemented-experimental,PowerShell / WinRT / .NET Lab,.NET TaskをPowerShellから作って待つ,PowerShell / .NET / WinRT / Windows App SDK,短い実験で「.NET TaskをPowerShellから作って待つ」を体験し、操作前後の状態やログの差を確認する。,深掘り
229,implemented-experimental,PowerShell / WinRT / .NET Lab,ForEach-Object -Parallelで並列処理を体験する,PowerShell / .NET / WinRT / Windows App SDK,短い実験で「ForEach-Object -Parallelで並列処理を体験する」を体験し、操作前後の状態やログの差を確認する。,深掘り
230,implemented-experimental,PowerShell / WinRT / .NET Lab,PowerShellから.NET Classを直接newして使う,PowerShell / .NET / WinRT / Windows App SDK,短い実験で「PowerShellから.NET Classを直接newして使う」を体験し、操作前後の状態やログの差を確認する。,深掘り
231,implemented-experimental,PowerShell / WinRT / .NET Lab,Add-TypeでUser32.dllのWin32 APIを呼ぶ,PowerShell / .NET / WinRT / Windows App SDK,短い実験で「Add-TypeでUser32.dllのWin32 APIを呼ぶ」を体験し、操作前後の状態やログの差を確認する。,深掘り
232,implemented-experimental,PowerShell / WinRT / .NET Lab,PowerShellからCOM経由でExcelを操作する,PowerShell / .NET / WinRT / Windows App SDK,短い実験で「PowerShellからCOM経由でExcelを操作する」を体験し、操作前後の状態やログの差を確認する。,深掘り
233,implemented-experimental,PowerShell / WinRT / .NET Lab,CIMとWMIは何が違う？ 同じPC情報を取得して比べる,PowerShell / .NET / WinRT / Windows App SDK,短い実験で「CIMとWMIは何が違う？ 同じPC情報を取得して比べる」を体験し、操作前後の状態やログの差を確認する。,深掘り
234,implemented-experimental,PowerShell / WinRT / .NET Lab,FileSystemWatcherでフォルダー変更イベントを監視する,PowerShell / .NET / WinRT / Windows App SDK,短い実験で「FileSystemWatcherでフォルダー変更イベントを監視する」を体験し、操作前後の状態やログの差を確認する。,深掘り
235,implemented-experimental,PowerShell / WinRT / .NET Lab,HttpClientで同期風処理と非同期処理を比べる,PowerShell / .NET / WinRT / Windows App SDK,短い実験で「HttpClientで同期風処理と非同期処理を比べる」を体験し、操作前後の状態やログの差を確認する。,深掘り
236,implemented-experimental,PowerShell / WinRT / .NET Lab,Visual StudioなしでWindows App SDK／WinUI 3の最小構成を理解する,PowerShell / .NET / WinRT / Windows App SDK,短い実験で「Visual StudioなしでWindows App SDK／WinUI 3の最小構成を理解する」を体験し、操作前後の状態やログの差を確認する。,深掘り
237,implemented-experimental,Legacy Data & File Format Lab,VBAで固定長ファイルを1レコードずつ分解する,VBA / PowerShell / Text / CSV / XML,短い実験で「VBAで固定長ファイルを1レコードずつ分解する」を体験し、操作前後の状態やログの差を確認する。,深掘り
238,implemented-experimental,Legacy Data & File Format Lab,PowerShellで固定長ファイルをSubstringで分解する,VBA / PowerShell / Text / CSV / XML,短い実験で「PowerShellで固定長ファイルをSubstringで分解する」を体験し、操作前後の状態やログの差を確認する。,深掘り
239,implemented-experimental,Legacy Data & File Format Lab,固定長ファイルをCSVへ変換する,VBA / PowerShell / Text / CSV / XML,短い実験で「固定長ファイルをCSVへ変換する」を体験し、操作前後の状態やログの差を確認する。,深掘り
240,implemented-experimental,Legacy Data & File Format Lab,CSVから固定長ファイルを生成する,VBA / PowerShell / Text / CSV / XML,短い実験で「CSVから固定長ファイルを生成する」を体験し、操作前後の状態やログの差を確認する。,深掘り
241,implemented-experimental,Legacy Data & File Format Lab,Header・Detail・Trailerレコードを判定する,VBA / PowerShell / Text / CSV / XML,短い実験で「Header・Detail・Trailerレコードを判定する」を体験し、操作前後の状態やログの差を確認する。,深掘り
242,implemented-experimental,Legacy Data & File Format Lab,固定長レコードの桁数エラーを検出する,VBA / PowerShell / Text / CSV / XML,短い実験で「固定長レコードの桁数エラーを検出する」を体験し、操作前後の状態やログの差を確認する。,深掘り
243,implemented-experimental,Legacy Data & File Format Lab,数値をゼロ埋めして固定桁へ整形する,VBA / PowerShell / Text / CSV / XML,短い実験で「数値をゼロ埋めして固定桁へ整形する」を体験し、操作前後の状態やログの差を確認する。,深掘り
244,implemented-experimental,Legacy Data & File Format Lab,文字列の左詰め・右詰めをVBAとPowerShellで比べる,VBA / PowerShell / Text / CSV / XML,短い実験で「文字列の左詰め・右詰めをVBAとPowerShellで比べる」を体験し、操作前後の状態やログの差を確認する。,深掘り
245,implemented-experimental,Legacy Data & File Format Lab,Shift_JISで文字数とバイト数が違うことを体験する,VBA / PowerShell / Text / CSV / XML,短い実験で「Shift_JISで文字数とバイト数が違うことを体験する」を体験し、操作前後の状態やログの差を確認する。,深掘り
246,implemented-experimental,Legacy Data & File Format Lab,全銀フォーマット風の教育用固定長データをVBAで解析する,VBA / PowerShell / Text / CSV / XML,短い実験で「全銀フォーマット風の教育用固定長データをVBAで解析する」を体験し、操作前後の状態やログの差を確認する。,深掘り
247,implemented-experimental,Legacy Data & File Format Lab,全銀フォーマット風の教育用固定長データをPowerShellで解析する,VBA / PowerShell / Text / CSV / XML,短い実験で「全銀フォーマット風の教育用固定長データをPowerShellで解析する」を体験し、操作前後の状態やログの差を確認する。,深掘り
248,implemented-experimental,Legacy Data & File Format Lab,ダミー振込データのHeader・明細・Trailer合計を照合する,VBA / PowerShell / Text / CSV / XML,短い実験で「ダミー振込データのHeader・明細・Trailer合計を照合する」を体験し、操作前後の状態やログの差を確認する。,深掘り
249,implemented-experimental,Legacy Data & File Format Lab,CRLFとLFの違いを同じテキストで確認する,VBA / PowerShell / Text / CSV / XML,短い実験で「CRLFとLFの違いを同じテキストで確認する」を体験し、操作前後の状態やログの差を確認する。,深掘り
250,implemented-experimental,Legacy Data & File Format Lab,CSVのカンマ・ダブルクォート・改行を正しくEscapeする,VBA / PowerShell / Text / CSV / XML,短い実験で「CSVのカンマ・ダブルクォート・改行を正しくEscapeする」を体験し、操作前後の状態やログの差を確認する。,深掘り
251,implemented-experimental,Legacy Data & File Format Lab,TSVならカンマ入り文字列をどう扱えるか比べる,VBA / PowerShell / Text / CSV / XML,短い実験で「TSVならカンマ入り文字列をどう扱えるか比べる」を体験し、操作前後の状態やログの差を確認する。,深掘り
252,implemented-experimental,Legacy Data & File Format Lab,INIファイルを読み書きして昔ながらの設定ファイルを理解する,VBA / PowerShell / Text / CSV / XML,短い実験で「INIファイルを読み書きして昔ながらの設定ファイルを理解する」を体験し、操作前後の状態やログの差を確認する。,深掘り
253,implemented-experimental,Legacy Data & File Format Lab,XMLをPowerShellで読み、階層構造をたどる,VBA / PowerShell / Text / CSV / XML,短い実験で「XMLをPowerShellで読み、階層構造をたどる」を体験し、操作前後の状態やログの差を確認する。,深掘り
254,implemented-experimental,Legacy Data & File Format Lab,VBAでXML DOMを使って要素を読む,VBA / PowerShell / Text / CSV / XML,短い実験で「VBAでXML DOMを使って要素を読む」を体験し、操作前後の状態やログの差を確認する。,深掘り
255,implemented-experimental,Legacy Data & File Format Lab,COBOLのPIC風フィールド定義をExcel表から固定長へ変換する,VBA / PowerShell / Text / CSV / XML,短い実験で「COBOLのPIC風フィールド定義をExcel表から固定長へ変換する」を体験し、操作前後の状態やログの差を確認する。,深掘り
256,implemented-experimental,Legacy Data & File Format Lab,桁位置のある古いログをVBA／PowerShellで表形式へ変換する,VBA / PowerShell / Text / CSV / XML,短い実験で「桁位置のある古いログをVBA／PowerShellで表形式へ変換する」を体験し、操作前後の状態やログの差を確認する。,深掘り
257,implemented-experimental,Binary / Hex / Encoding Lab,PowerShellだけでミニHex Dump Viewerを作る,PowerShell / VBA / Binary / Encoding,短い実験で「PowerShellだけでミニHex Dump Viewerを作る」を体験し、操作前後の状態やログの差を確認する。,深掘り
258,implemented-experimental,Binary / Hex / Encoding Lab,Excel VBAで簡易Hex Viewerを作る,PowerShell / VBA / Binary / Encoding,短い実験で「Excel VBAで簡易Hex Viewerを作る」を体験し、操作前後の状態やログの差を確認する。,深掘り
259,implemented-experimental,Binary / Hex / Encoding Lab,PNG・JPEG・PDF・ZIPのFile SignatureをHexで見る,PowerShell / VBA / Binary / Encoding,短い実験で「PNG・JPEG・PDF・ZIPのFile SignatureをHexで見る」を体験し、操作前後の状態やログの差を確認する。,深掘り
260,implemented-experimental,Binary / Hex / Encoding Lab,XLSX・DOCX・PPTXの先頭がZIP系であることを確認する,PowerShell / VBA / Binary / Encoding,短い実験で「XLSX・DOCX・PPTXの先頭がZIP系であることを確認する」を体験し、操作前後の状態やログの差を確認する。,深掘り
261,implemented-experimental,Binary / Hex / Encoding Lab,UTF-8 BOMのEF BB BFを実際に見る,PowerShell / VBA / Binary / Encoding,短い実験で「UTF-8 BOMのEF BB BFを実際に見る」を体験し、操作前後の状態やログの差を確認する。,深掘り
262,implemented-experimental,Binary / Hex / Encoding Lab,UTF-16 LEの文字列がバイト列でどう見えるか確認する,PowerShell / VBA / Binary / Encoding,短い実験で「UTF-16 LEの文字列がバイト列でどう見えるか確認する」を体験し、操作前後の状態やログの差を確認する。,深掘り
263,implemented-experimental,Binary / Hex / Encoding Lab,CRLFが0D 0Aとして保存されることを見る,PowerShell / VBA / Binary / Encoding,短い実験で「CRLFが0D 0Aとして保存されることを見る」を体験し、操作前後の状態やログの差を確認する。,深掘り
264,implemented-experimental,Binary / Hex / Encoding Lab,Little EndianとBig Endianで整数の並びを比べる,PowerShell / VBA / Binary / Encoding,短い実験で「Little EndianとBig Endianで整数の並びを比べる」を体験し、操作前後の状態やログの差を確認する。,深掘り
265,implemented-experimental,Binary / Hex / Encoding Lab,整数を4バイトへ変換してHex表示する,PowerShell / VBA / Binary / Encoding,短い実験で「整数を4バイトへ変換してHex表示する」を体験し、操作前後の状態やログの差を確認する。,深掘り
266,implemented-experimental,Binary / Hex / Encoding Lab,IEEE 754の浮動小数点をバイト列で眺める,PowerShell / VBA / Binary / Encoding,短い実験で「IEEE 754の浮動小数点をバイト列で眺める」を体験し、操作前後の状態やログの差を確認する。,深掘り
267,implemented-experimental,Binary / Hex / Encoding Lab,大きなファイルをChunk単位で読む処理を作る,PowerShell / VBA / Binary / Encoding,短い実験で「大きなファイルをChunk単位で読む処理を作る」を体験し、操作前後の状態やログの差を確認する。,深掘り
268,implemented-experimental,Binary / Hex / Encoding Lab,Base64変換前後のバイト数を比べる,PowerShell / VBA / Binary / Encoding,短い実験で「Base64変換前後のバイト数を比べる」を体験し、操作前後の状態やログの差を確認する。,深掘り
269,implemented-experimental,Binary / Hex / Encoding Lab,GUIDを文字列と16バイト表現で比べる,PowerShell / VBA / Binary / Encoding,短い実験で「GUIDを文字列と16バイト表現で比べる」を体験し、操作前後の状態やログの差を確認する。,深掘り
270,implemented-experimental,Binary / Hex / Encoding Lab,CRC32をPowerShellで実装してChecksumを理解する,PowerShell / VBA / Binary / Encoding,短い実験で「CRC32をPowerShellで実装してChecksumを理解する」を体験し、操作前後の状態やログの差を確認する。,深掘り
271,implemented-experimental,Binary / Hex / Encoding Lab,BMPヘッダーを読み取り画像サイズを取り出す,PowerShell / VBA / Binary / Encoding,短い実験で「BMPヘッダーを読み取り画像サイズを取り出す」を体験し、操作前後の状態やログの差を確認する。,深掘り
272,implemented-experimental,Language Basics Lab,変数って何？ VBAのDimとPowerShellの$変数を比べる,VBA / PowerShell,短い実験で「変数って何？ VBAのDimとPowerShellの$変数を比べる」を体験し、操作前後の状態やログの差を確認する。,深掘り
273,implemented-experimental,Language Basics Lab,型って何？ String・Integer・Dateを比べる,VBA / PowerShell,短い実験で「型って何？ String・Integer・Dateを比べる」を体験し、操作前後の状態やログの差を確認する。,深掘り
274,implemented-experimental,Language Basics Lab,文字列の結合・切り出しをVBAとPowerShellで比べる,VBA / PowerShell,短い実験で「文字列の結合・切り出しをVBAとPowerShellで比べる」を体験し、操作前後の状態やログの差を確認する。,深掘り
275,implemented-experimental,Language Basics Lab,配列を作る・追加する・取り出すを比べる,VBA / PowerShell,短い実験で「配列を作る・追加する・取り出すを比べる」を体験し、操作前後の状態やログの差を確認する。,深掘り
276,implemented-experimental,Language Basics Lab,Dictionary／Hashtableでキーと値を扱う,VBA / PowerShell,短い実験で「Dictionary／Hashtableでキーと値を扱う」を体験し、操作前後の状態やログの差を確認する。,深掘り
277,implemented-experimental,Language Basics Lab,If文で条件分岐を同じ問題で比べる,VBA / PowerShell,短い実験で「If文で条件分岐を同じ問題で比べる」を体験し、操作前後の状態やログの差を確認する。,深掘り
278,implemented-experimental,Language Basics Lab,For／For Each／foreachの違いを比べる,VBA / PowerShell,短い実験で「For／For Each／foreachの違いを比べる」を体験し、操作前後の状態やログの差を確認する。,深掘り
279,implemented-experimental,Language Basics Lab,Functionを作って同じ計算を呼び出す,VBA / PowerShell,短い実験で「Functionを作って同じ計算を呼び出す」を体験し、操作前後の状態やログの差を確認する。,深掘り
280,implemented-experimental,Language Basics Lab,引数って何？ ByVal／ByRefとparam()を比べる,VBA / PowerShell,短い実験で「引数って何？ ByVal／ByRefとparam()を比べる」を体験し、操作前後の状態やログの差を確認する。,深掘り
281,implemented-experimental,Language Basics Lab,戻り値はどう返る？ VBA FunctionとPowerShell Pipelineを比べる,VBA / PowerShell,短い実験で「戻り値はどう返る？ VBA FunctionとPowerShell Pipelineを比べる」を体験し、操作前後の状態やログの差を確認する。,深掘り
282,implemented-experimental,Language Basics Lab,値渡しと参照渡しで元の値が変わるか試す,VBA / PowerShell,短い実験で「値渡しと参照渡しで元の値が変わるか試す」を体験し、操作前後の状態やログの差を確認する。,深掘り
283,implemented-experimental,Language Basics Lab,ローカル変数とグローバル変数のScopeを比べる,VBA / PowerShell,短い実験で「ローカル変数とグローバル変数のScopeを比べる」を体験し、操作前後の状態やログの差を確認する。,深掘り
284,implemented-experimental,Language Basics Lab,Null・Empty・Nothing・$nullの違いを体験する,VBA / PowerShell,短い実験で「Null・Empty・Nothing・$nullの違いを体験する」を体験し、操作前後の状態やログの差を確認する。,深掘り
285,implemented-experimental,Language Basics Lab,On Errorとtry/catchで同じエラーを処理する,VBA / PowerShell,短い実験で「On Errorとtry/catchで同じエラーを処理する」を体験し、操作前後の状態やログの差を確認する。,深掘り
286,implemented-experimental,Language Basics Lab,ClassとObjectをVBAとPowerShellで最小実装する,VBA / PowerShell,短い実験で「ClassとObjectをVBAとPowerShellで最小実装する」を体験し、操作前後の状態やログの差を確認する。,深掘り
287,implemented-experimental,Built-in Tools & Scripting Map,cmd.exeとBatchは今どんな場面で使う？,Windows標準ツール / Office / PowerShell,短い実験で「cmd.exeとBatchは今どんな場面で使う」を体験し、操作前後の状態やログの差を確認する。,深掘り
288,implemented-experimental,Built-in Tools & Scripting Map,Windows PowerShell 5.1は何ができる？,Windows標準ツール / Office / PowerShell,短い実験で「Windows PowerShell 5.1は何ができる」を体験し、操作前後の状態やログの差を確認する。,深掘り
289,implemented-experimental,Built-in Tools & Scripting Map,PowerShell 7はWindows PowerShell 5.1と何が違う？,Windows標準ツール / Office / PowerShell,短い実験で「PowerShell 7はWindows PowerShell 5.1と何が違う」を体験し、操作前後の状態やログの差を確認する。,深掘り
290,implemented-experimental,Built-in Tools & Scripting Map,Windows Script HostとVBScriptの現在位置を知る,Windows標準ツール / Office / PowerShell,短い実験で「Windows Script HostとVBScriptの現在位置を知る」を体験し、操作前後の状態やログの差を確認する。,深掘り
291,implemented-experimental,Built-in Tools & Scripting Map,JScript／WSHで簡単なスクリプトを動かして歴史を知る,Windows標準ツール / Office / PowerShell,短い実験で「JScript／WSHで簡単なスクリプトを動かして歴史を知る」を体験し、操作前後の状態やログの差を確認する。,深掘り
292,implemented-experimental,Built-in Tools & Scripting Map,Office VBAは何が得意で何が苦手？,Windows標準ツール / Office / PowerShell,短い実験で「Office VBAは何が得意で何が苦手」を体験し、操作前後の状態やログの差を確認する。,深掘り
293,implemented-experimental,Built-in Tools & Scripting Map,Windows標準のcurl.exeでHTTPを確認する,Windows標準ツール / Office / PowerShell,短い実験で「Windows標準のcurl.exeでHTTPを確認する」を体験し、操作前後の状態やログの差を確認する。,深掘り
294,implemented-experimental,Built-in Tools & Scripting Map,tar.exeでZIP／tarアーカイブを扱ってみる,Windows標準ツール / Office / PowerShell,短い実験で「tar.exeでZIP／tarアーカイブを扱ってみる」を体験し、操作前後の状態やログの差を確認する。,深掘り
295,implemented-experimental,Built-in Tools & Scripting Map,robocopyで大量ファイルコピーのログを読む,Windows標準ツール / Office / PowerShell,短い実験で「robocopyで大量ファイルコピーのログを読む」を体験し、操作前後の状態やログの差を確認する。,深掘り
296,implemented-experimental,Built-in Tools & Scripting Map,certutilで証明書・Hash関連の基本情報を見る,Windows標準ツール / Office / PowerShell,短い実験で「certutilで証明書・Hash関連の基本情報を見る」を体験し、操作前後の状態やログの差を確認する。,はじめて
297,implemented-experimental,Built-in Tools & Scripting Map,schtasksでTask Schedulerの登録内容を読む,Windows標準ツール / Office / PowerShell,短い実験で「schtasksでTask Schedulerの登録内容を読む」を体験し、操作前後の状態やログの差を確認する。,深掘り
298,implemented-experimental,Built-in Tools & Scripting Map,netshでネットワーク設定を読み取る,Windows標準ツール / Office / PowerShell,短い実験で「netshでネットワーク設定を読み取る」を体験し、操作前後の状態やログの差を確認する。,深掘り
299,implemented-experimental,Built-in Tools & Scripting Map,wevtutilでEvent Logをコマンドから読む,Windows標準ツール / Office / PowerShell,短い実験で「wevtutilでEvent Logをコマンドから読む」を体験し、操作前後の状態やログの差を確認する。,深掘り
300,implemented-experimental,Built-in Tools & Scripting Map,tasklist・taskkillとPowerShell Process操作を比べる,Windows標準ツール / Office / PowerShell,短い実験で「tasklist・taskkillとPowerShell Process操作を比べる」を体験し、操作前後の状態やログの差を確認する。,深掘り
